"source_database","source_table","query_filepath","destination_database","destination_table","ddl_script_path","order_by","cron_string"
"monitorenv_proxy",,"data_warehouse/dim_unit_reference.sql","rapportnav","dim_unit_reference",,"control_unit_id","28 4 * * *"
"monitorfish_proxy","control_objectives",,"monitorfish","control_objectives",,"year","30 4 * * *"
"monitorfish_proxy","fleet_segments",,"monitorfish","fleet_segments",,"year","32 4 * * *"
"monitorfish_proxy","species",,"monitorfish","species",,"species_code","34 4 * * *"
"monitorfish_proxy",,"data_warehouse/vessels.sql","monitorfish","vessels",,"id","36 4 * * *"
"monitorfish_proxy","infractions",,"monitorfish","infractions",,"natinf_code","38 4 * * *"
"rapportnav_proxy","mission_action",,"rapportnav","mission_action",,"id","40 4 * * *"
"monitorenv_proxy","administrations",,"monitorenv","administrations",,"id","42 4 * * *"
"monitorenv_proxy","control_units",,"monitorenv","control_units",,"id","44 4 * * *"
"monitorfish_proxy","producer_organization_memberships",,"monitorfish","producer_organization_memberships",,"internal_reference_number","46 4 * * *"
"rapportnav_proxy",,"data_warehouse/analytics_missions_full_data.sql","rapportnav","mission_analytics",,"id","48 4 * * *"
"monitorfish_proxy","districts",,"monitorfish","districts",,"district_code","50 4 * * *"
"monitorfish_proxy","threats",,"monitorfish","threats",,"name","52 4 * * *"
"monitorfish_proxy","threat_characterizations",,"monitorfish","threat_characterizations",,"name","54 4 * * *"
"monitorfish_proxy","fishing_gear_codes",,"monitorfish","fishing_gear_codes",,"fishing_gear_code","56 4 * * *"
"monitorfish_proxy","fishing_gear_codes_groups",,"monitorfish","fishing_gear_codes_groups",,"fishing_gear_code","58 4 * * *"
"monitorfish_proxy","fishing_gear_groups",,"monitorfish","fishing_gear_groups",,"id","0 5 * * *"
"monitorfish_proxy","species_codes_groups",,"monitorfish","species_codes_groups",,"species_code","2 5 * * *"
"monitorfish_proxy","species_groups",,"monitorfish","species_groups",,"id","4 5 * * *"
"monitorfish_proxy","beacons",,"monitorfish","beacons",,"beacon_number","6 5 * * *"
"monitorfish_proxy","beacon_malfunctions",,"monitorfish","beacon_malfunctions",,"id","8 5 * * *"
"monitorenv_proxy","natinfs",,"monitorenv","natinfs",,"natinf_code","10 5 * * *"
"rapportnav_proxy",,"data_warehouse/missions_aem.sql","rapportnav","missions_aem",,"mission_date_debut","12 5 * * *"
"monitorfish_proxy","beacon_malfunction_actions",,"monitorfish","beacon_malfunction_actions",,"id","14 5 * * *"
"monitorfish_proxy","beacon_malfunction_comments",,"monitorfish","beacon_malfunction_comments",,"id","16 5 * * *"
"monitorfish_proxy","beacon_malfunction_notifications",,"monitorfish","beacon_malfunction_notifications",,"id","18 5 * * *"
"rapportnav_proxy",,"data_warehouse/rapport_pam_ulam_action.sql","rapportnav","fact_action_pam_ulam",,"action_id","20 5 * * *"
"rapportnav_proxy",,"data_warehouse/rapport_pam_ulam_moyen.sql","rapportnav","fact_moyen_pam_ulam",,"mois","22 5 * * *"
"rapportnav_proxy",,"data_warehouse/rapport_pam_ulam_mission.sql","rapportnav","fact_mission_pam_ulam",,"start_datetime_utc","24 5 * * *"
"rapportnav_proxy",,"data_warehouse/rapport_pam_ulam_cible.sql","rapportnav","fact_cible_pam_ulam",,"mois","26 5 * * *"
"rapportnav_proxy",,"data_warehouse/rapport_pam_ulam_controle.sql","rapportnav","fact_controle_pam_ulam",,"action_datetime_utc","34 5 * * *"
